کد محصول,شناسه دسته بندی,دسته بندی,جزئیات محصول ( دسته بندی ),واحد اصلی,واحد فرعی,حداقل سفارش,حداکثر سفارش,درجه شمارش,ضریب محصول,قیمت پایه محصول,موجودی محصول
rahsakht-1011055001001,4,کلاف مفتول,"نوع کلاف: کلاف مفتول، سایز مفتول (mm): 5.5، گرید: 3SP، تولید کننده: یزد",کیلوگرم,طاقه,1,3,1,2000,309091,0
rahsakht-1011055001003,4,کلاف مفتول,"نوع کلاف: کلاف مفتول، سایز مفتول (mm): 5.5، گرید: 3SP، تولید کننده: گلستان",کیلوگرم,طاقه,1,3,1,2000,309091,0
rahsakht-1011055001004,4,کلاف مفتول,"نوع کلاف: کلاف مفتول، سایز مفتول (mm): 5.5، گرید: 3SP، تولید کننده: ابهر",کیلوگرم,طاقه,1,3,1,2000,309091,3351.6
rahsakht-1011055001005,4,کلاف مفتول,"نوع کلاف: کلاف مفتول، سایز مفتول (mm): 5.5، گرید: 3SP، تولید کننده: امیر آباد",کیلوگرم,طاقه,1,3,1,2000,309091,0
rahsakht-1011055001006,4,کلاف مفتول,"نوع کلاف: کلاف مفتول، سایز مفتول (mm): 5.5، گرید: 3SP، تولید کننده: بستان آباد",کیلوگرم,طاقه,1,3,1,2000,309091,0
rahsakht-1011055001011,4,کلاف مفتول,"نوع کلاف: کلاف مفتول، سایز مفتول (mm): 5.5، گرید: 3SP، تولید کننده: کرمان",کیلوگرم,طاقه,1,3,1,2000,309091,0
rahsakht-1011055002002,4,کلاف مفتول,"نوع کلاف: کلاف مفتول، سایز مفتول (mm): 5.5، گرید: RST34، تولید کننده: بافق",کیلوگرم,طاقه,1,3,1,2000,327273,0
rahsakht-1011055002003,4,کلاف مفتول,"نوع کلاف: کلاف مفتول، سایز مفتول (mm): 5.5، گرید: RST34، تولید کننده: گلستان",کیلوگرم,طاقه,1,3,1,2000,327273,0
rahsakht-1011055002004,4,کلاف مفتول,"نوع کلاف: کلاف مفتول، سایز مفتول (mm): 5.5، گرید: RST34، تولید کننده: ابهر",کیلوگرم,طاقه,1,3,1,2000,327273,0
rahsakht-1011055002005,4,کلاف مفتول,"نوع کلاف: کلاف مفتول، سایز مفتول (mm): 5.5، گرید: RST34، تولید کننده: امیر آباد",کیلوگرم,طاقه,1,3,1,2000,327273,0
rahsakht-1011055002006,4,کلاف مفتول,"نوع کلاف: کلاف مفتول، سایز مفتول (mm): 5.5، گرید: RST34، تولید کننده: بستان آباد",کیلوگرم,طاقه,1,3,1,2000,327273,0
rahsakht-1011055003002,4,کلاف مفتول,"نوع کلاف: کلاف مفتول، سایز مفتول (mm): 5.5، گرید: 1008، تولید کننده: بافق",کیلوگرم,طاقه,1,3,1,2000,327273,0
rahsakht-1011055003011,4,کلاف مفتول,"نوع کلاف: کلاف مفتول، سایز مفتول (mm): 5.5، گرید: 1008، تولید کننده: ذوب آهن",کیلوگرم,طاقه,1,3,1,2000,327273,0
rahsakht-1011055012001,4,کلاف مفتول,"نوع کلاف: کلاف مفتول، سایز مفتول (mm): 5.5، گرید: 1008، تولید کننده: یزد",کیلوگرم,طاقه,1,3,1,2000,327273,50
rahsakht-1011055012006,4,کلاف مفتول,"نوع کلاف: کلاف مفتول، سایز مفتول (mm): 5.5، گرید: 1008، تولید کننده: بستان آباد",کیلوگرم,طاقه,1,3,1,2000,327273,0
rahsakht-1011055012011,4,کلاف مفتول,"نوع کلاف: کلاف مفتول، سایز مفتول (mm): 5.5، گرید: 1008، تولید کننده: کرمان",کیلوگرم,طاقه,1,3,1,2000,327273,0
rahsakht-1011055013001,4,کلاف مفتول,"نوع کلاف: کلاف مفتول، سایز مفتول (mm): 5.5، گرید: 1006، تولید کننده: یزد",کیلوگرم,طاقه,1,3,1,2000,327273,0
rahsakht-1011055013002,4,کلاف مفتول,"نوع کلاف: کلاف مفتول، سایز مفتول (mm): 5.5، گرید: 1006، تولید کننده: بافق",کیلوگرم,طاقه,1,3,1,2000,327273,0
rahsakht-1011055013004,4,کلاف مفتول,"نوع کلاف: کلاف مفتول، سایز مفتول (mm): 5.5، گرید: 1006، تولید کننده: ابهر",کیلوگرم,طاقه,1,3,1,2000,327273,0
rahsakht-1011055013006,4,کلاف مفتول,"نوع کلاف: کلاف مفتول، سایز مفتول (mm): 5.5، گرید: 1006، تولید کننده: بستان آباد",کیلوگرم,طاقه,1,3,1,2000,327273,0
rahsakht-1011055013011,4,کلاف مفتول,"نوع کلاف: کلاف مفتول، سایز مفتول (mm): 5.5، گرید: 1006، تولید کننده: کرمان",کیلوگرم,طاقه,1,3,1,2000,327273,0
rahsakht-1011065001001,4,کلاف مفتول,"نوع کلاف: کلاف مفتول، سایز مفتول (mm): 6.5، گرید: 3SP، تولید کننده: یزد",کیلوگرم,طاقه,1,3,1,2000,309091,0
rahsakht-1011065001003,4,کلاف مفتول,"نوع کلاف: کلاف مفتول، سایز مفتول (mm): 6.5، گرید: 3SP، تولید کننده: گلستان",کیلوگرم,طاقه,1,3,1,2000,309091,0
rahsakht-1011065001004,4,کلاف مفتول,"نوع کلاف: کلاف مفتول، سایز مفتول (mm): 6.5، گرید: 3SP، تولید کننده: ابهر",کیلوگرم,طاقه,1,3,1,2000,309091,0
rahsakht-1011065001005,4,کلاف مفتول,"نوع کلاف: کلاف مفتول، سایز مفتول (mm): 6.5، گرید: 3SP، تولید کننده: امیر آباد",کیلوگرم,طاقه,1,3,1,2000,309091,0
rahsakht-1011065001006,4,کلاف مفتول,"نوع کلاف: کلاف مفتول، سایز مفتول (mm): 6.5، گرید: 3SP، تولید کننده: بستان آباد",کیلوگرم,طاقه,1,3,1,2000,309091,0
rahsakht-1011065001007,4,کلاف مفتول,"نوع کلاف: کلاف مفتول، سایز مفتول (mm): 6.5، گرید: 3SP، تولید کننده: نطنز",کیلوگرم,طاقه,1,3,1,2000,309091,0
rahsakht-1011065001011,4,کلاف مفتول,"نوع کلاف: کلاف مفتول، سایز مفتول (mm): 6.5، گرید: 3SP، تولید کننده: کرمان",کیلوگرم,طاقه,1,3,1,2000,309091,0
rahsakht-1011065002003,4,کلاف مفتول,"نوع کلاف: کلاف مفتول، سایز مفتول (mm): 6.5، گرید: RST34، تولید کننده: گلستان",کیلوگرم,طاقه,1,3,1,2000,327273,0
rahsakht-1011065002005,4,کلاف مفتول,"نوع کلاف: کلاف مفتول، سایز مفتول (mm): 6.5، گرید: 5SP، تولید کننده: امیر آباد",کیلوگرم,طاقه,1,3,1,2000,304546,0
rahsakht-1011065002006,4,کلاف مفتول,"نوع کلاف: کلاف مفتول، سایز مفتول (mm): 6.5، گرید: RST34، تولید کننده: بستان آباد",کیلوگرم,طاقه,1,3,1,2000,327273,0
rahsakht-1011065004002,4,کلاف مفتول,"نوع کلاف: کلاف مفتول، سایز مفتول (mm): 6.5، گرید: 1006، تولید کننده: بافق",کیلوگرم,طاقه,1,3,1,2000,327273,0
rahsakht-1011080001006,4,کلاف مفتول,"نوع کلاف: کلاف مفتول، سایز مفتول (mm): 8، گرید: 3SP، تولید کننده: بستان آباد",کیلوگرم,طاقه,1,3,1,2000,322728,0
rahsakht-1011080002002,4,کلاف مفتول,"نوع کلاف: کلاف مفتول، سایز مفتول (mm): 8، گرید: RST34، تولید کننده: بافق",کیلوگرم,طاقه,1,3,1,2000,322728,0
rahsakht-1011080002004,4,کلاف مفتول,"نوع کلاف: کلاف مفتول، سایز مفتول (mm): 8، گرید: RST34، تولید کننده: ابهر",کیلوگرم,طاقه,1,3,1,2000,322728,0
rahsakht-1011080003001,4,کلاف مفتول,"نوع کلاف: کلاف مفتول، سایز مفتول (mm): 8، گرید: 1008، تولید کننده: یزد",کیلوگرم,طاقه,1,3,1,2000,322728,0
rahsakht-1011080003002,4,کلاف مفتول,"نوع کلاف: کلاف مفتول، سایز مفتول (mm): 8، گرید: 1008، تولید کننده: بافق",کیلوگرم,طاقه,1,3,1,2000,322728,0
rahsakht-1011086001001,4,کلاف مفتول,"نوع کلاف: کلاف مفتول، سایز مفتول (mm): 8.6، گرید: 3SP، تولید کننده: یزد",کیلوگرم,طاقه,1,3,1,2000,322728,0
rahsakht-1011086001003,4,کلاف مفتول,"نوع کلاف: کلاف مفتول، سایز مفتول (mm): 8.6، گرید: 3SP، تولید کننده: گلستان",کیلوگرم,طاقه,1,3,1,2000,322728,0
rahsakht-1011086003003,4,کلاف مفتول,"نوع کلاف: کلاف مفتول، سایز مفتول (mm): 8.6، گرید: RST34، تولید کننده: گلستان",کیلوگرم,طاقه,1,3,1,2000,322728,0
rahsakht-1011090001006,4,کلاف مفتول,"نوع کلاف: کلاف مفتول، سایز مفتول (mm): 9، گرید: 3SP، تولید کننده: بستان آباد",کیلوگرم,طاقه,1,3,1,2000,322728,0
rahsakht-1011100002002,4,کلاف مفتول,"نوع کلاف: کلاف مفتول، سایز مفتول (mm): 10، گرید: RST34، تولید کننده: بافق",کیلوگرم,طاقه,1,3,1,2000,327273,0
rahsakht-1011100003001,4,کلاف مفتول,"نوع کلاف: کلاف مفتول، سایز مفتول (mm): 10، گرید: 1008، تولید کننده: یزد",کیلوگرم,طاقه,1,3,1,2000,327273,0
rahsakht-1012080001000,19,میلگرد,"نوع میلگرد: ساده، وزن (kg): 2.5، سایز میلگرد (mm): 8",کیلوگرم,شاخه,1,1600,1,2.7,272728,803.08
rahsakht-1012100001000,19,میلگرد,"نوع میلگرد: ساده، وزن (kg): 3.5، سایز میلگرد (mm): 10",کیلوگرم,شاخه,1,500,1,3.7,268182,612.72
rahsakht-111012010000000000,4,کلاف مفتول,"نوع کلاف: کلاف کشش شده خام، سایز مفتول (mm): 1.2، گرید: -، تولید کننده: -",کیلوگرم,طاقه,10,4000,1,50,381819,0
rahsakht-111015010000000000,4,کلاف مفتول,"نوع کلاف: کلاف کشش شده خام، سایز مفتول (mm): 1.5، گرید: -، تولید کننده: -",کیلوگرم,طاقه,10,4000,1,50,368182,0
rahsakht-111015020000000015,2,مفتول سیاه,"کاربرد مفتول: آرماتوربندی، سایز مفتول (mm): 1.5 راه ساخت، تولید کننده: راه ساخت",کیلوگرم,طاقه (15 کیلوگرم),1,33,1,15,363637,18
rahsakht-111015020999001000,2,مفتول سیاه,"کاربرد مفتول: تسمه، سایز مفتول (mm): 1.5 تسمه، تولید کننده: تهران",کیلوگرم,طاقه ( 15 کیلوگرم),1,50,1,20,350001,73.68
rahsakht-111015021001000015,2,مفتول سیاه,"کاربرد مفتول: آرماتوربندی، سایز مفتول (mm): 1.5 میهن نور، تولید کننده: میهن نور",کیلوگرم,طاقه (15 کیلوگرم),1,33,1,15,390910,1410
rahsakht-111020010000000000,4,کلاف مفتول,"نوع کلاف: کلاف کشش شده خام، سایز مفتول (mm): 2، گرید: -، تولید کننده: -",کیلوگرم,طاقه,10,4000,1,50,368182,0
rahsakht-111025010000000000,4,کلاف مفتول,"نوع کلاف: کلاف کشش شده خام، سایز مفتول (mm): 2.5، گرید: -، تولید کننده: -",کیلوگرم,طاقه,10,4000,1,50,363637,0
rahsakht-111025020000000015,2,مفتول سیاه,"کاربرد مفتول: قالبندی، سایز مفتول (mm): 2.5 راه ساخت، تولید کننده: راه ساخت",کیلوگرم,طاقه (15 کیلوگرم),1,100,1,15,363637,0
rahsakht-111025020999001000,2,مفتول سیاه,"کاربرد مفتول: تسمه، سایز مفتول (mm): 2.5 تسمه، تولید کننده: تهران",کیلوگرم,طاقه ( 15 کیلوگرم),1,25,1,20,350001,0
rahsakht-111025021001000015,2,مفتول سیاه,"کاربرد مفتول: قالبندی، سایز مفتول (mm): 2.5 میهن نور، تولید کننده: میهن نور",کیلوگرم,طاقه (15کیلوگرم),1,100,1,15,390910,228
rahsakht-111030010000000000,4,کلاف مفتول,"نوع کلاف: کلاف کشش شده خام، سایز مفتول (mm): 3، گرید: -، تولید کننده: -",کیلوگرم,طاقه,10,4000,1,50,350001,0
rahsakht-111030020000000025,2,مفتول سیاه,"کاربرد مفتول: قالبندی، سایز مفتول (mm): 3 (25 کیلویی)، تولید کننده: راه ساخت",کیلوگرم,طاقه (25 کیلوگرم),1,40,1,25,359091,1860
rahsakht-111030020000000040,2,مفتول سیاه,"کاربرد مفتول: قالبندی، سایز مفتول (mm): 3 (40 کیلویی)، تولید کننده: راه ساخت",کیلوگرم,طاقه (40 کیلوگرم),1,25,1,40,354546,2080
rahsakht-111040010000000000,4,کلاف مفتول,"نوع کلاف: کلاف کشش شده خام، سایز مفتول (mm): 4، گرید: -، تولید کننده: -",کیلوگرم,طاقه,10,4000,1,50,350001,0
rahsakht-111040020000000025,2,مفتول سیاه,"کاربرد مفتول: قالبندی، سایز مفتول (mm): 4 (25 کیلویی)، تولید کننده: راه ساخت",کیلوگرم,طاقه (25 کیلوگرم),1,20,1,25,359091,3240
rahsakht-111040020000000040,2,مفتول سیاه,"کاربرد مفتول: قالبندی، سایز مفتول (mm): 4 (40 کیلویی)، تولید کننده: راه ساخت",کیلوگرم,طاقه (40 کیلوگرم),1,25,1,40,354546,2144
rahsakht-111050010000000000,4,کلاف مفتول,"نوع کلاف: کلاف کشش شده خام، سایز مفتول (mm): 5، گرید: -، تولید کننده: -",کیلوگرم,طاقه,20,4000,1,50,345455,0
rahsakht-111060010000000000,4,کلاف مفتول,"نوع کلاف: کلاف کشش شده خام، سایز مفتول (mm): 6، گرید: -، تولید کننده: -",کیلوگرم,طاقه,20,4000,1,50,345455,0
rahsakht-111075010000000000,4,کلاف مفتول,"نوع کلاف: کلاف کشش شده خام، سایز مفتول (mm): 7.5، گرید: -، تولید کننده: -",کیلوگرم,طاقه,20,4000,1,50,359091,0
rahsakht-111080010000000000,4,کلاف مفتول,"نوع کلاف: کلاف کشش شده خام، سایز مفتول (mm): 8، گرید: -، تولید کننده: -",کیلوگرم,طاقه,20,38500,1,50,359091,0
rahsakht-111090010000000000,4,کلاف مفتول,"نوع کلاف: کلاف کشش شده خام، سایز مفتول (mm): 9، گرید: -، تولید کننده: -",کیلوگرم,طاقه,20,4000,1,50,359091,0
rahsakht-112006021001000020,3,مفتول گالوانیزه,"نوع مفتول گالوانیزه: گرم، سایز مفتول گالوانیزه (mm): 0.6، تولید کننده: میهن نور",کیلوگرم,طاقه ( کیلوگرم),1,10,1,20,536364,96
rahsakht-112007021001000020,3,مفتول گالوانیزه,"نوع مفتول گالوانیزه: گرم، سایز مفتول گالوانیزه (mm): 0.7، تولید کننده: میهن نور",کیلوگرم,طاقه ( کیلوگرم),1,10,1,20,536364,384
rahsakht-112008021001000020,3,مفتول گالوانیزه,"نوع مفتول گالوانیزه: گرم، سایز مفتول گالوانیزه (mm): 0.8، تولید کننده: میهن نور",کیلوگرم,طاقه ( کیلوگرم),1,10,1,20,531819,328
rahsakht-112010010000000000,3,مفتول گالوانیزه,"نوع مفتول گالوانیزه: سرد، سایز مفتول گالوانیزه (mm): 1، تولید کننده: راه ساخت",کیلوگرم,طاقه ( کیلوگرم),1,8,1,25,500001,121.2
rahsakht-112012010000000000,3,مفتول گالوانیزه,"نوع مفتول گالوانیزه: سرد، سایز مفتول گالوانیزه (mm): 1.2 (رابیتس بندی)، تولید کننده: راه ساخت",کیلوگرم,طاقه ( کیلوگرم),1,40,1,25,431819,2226.48
rahsakht-112012021001000020,3,مفتول گالوانیزه,"نوع مفتول گالوانیزه: گرم، سایز مفتول گالوانیزه (mm): 1.2، تولید کننده: میهن نور",کیلوگرم,طاقه ( کیلوگرم),1,15,1,20,454546,672
rahsakht-112015010000000000,3,مفتول گالوانیزه,"نوع مفتول گالوانیزه: سرد، سایز مفتول گالوانیزه (mm): 1.5، تولید کننده: راه ساخت",کیلوگرم,طاقه ( کیلوگرم),1,8,1,25,427273,230.72
rahsakht-112015020000000000,3,مفتول گالوانیزه,"نوع مفتول گالوانیزه: گرم، سایز مفتول گالوانیزه (mm): 1.5، تولید کننده: راه ساخت",کیلوگرم,طاقه ( کیلوگرم),1,10,1,50,431819,0
rahsakht-112015021001000020,3,مفتول گالوانیزه,"نوع مفتول گالوانیزه: گرم، سایز مفتول گالوانیزه (mm): 1.5، تولید کننده: میهن نور",کیلوگرم,طاقه ( کیلوگرم),1,15,1,20,454546,544
rahsakht-112015520000000000,3,مفتول گالوانیزه,"نوع مفتول گالوانیزه: گرم، سایز مفتول گالوانیزه (mm): 1.55، تولید کننده: راه ساخت",کیلوگرم,طاقه ( کیلوگرم),1,10,1,50,431819,276.8
rahsakht-112016010000000000,3,مفتول گالوانیزه,"نوع مفتول گالوانیزه: سرد، سایز مفتول گالوانیزه (mm): 1.6، تولید کننده: راه ساخت",کیلوگرم,طاقه ( کیلوگرم),1,8,1,25,427273,0
rahsakht-112016020000000000,3,مفتول گالوانیزه,"نوع مفتول گالوانیزه: گرم، سایز مفتول گالوانیزه (mm): 1.6، تولید کننده: راه ساخت",کیلوگرم,طاقه ( کیلوگرم),1,10,1,50,431819,599.2
rahsakht-112019020000000000,3,مفتول گالوانیزه,"نوع مفتول گالوانیزه: گرم، سایز مفتول گالوانیزه (mm): 1.9، تولید کننده: راه ساخت",کیلوگرم,طاقه ( کیلوگرم),1,10,1,50,422728,2335
rahsakht-112020020000000000,3,مفتول گالوانیزه,"نوع مفتول گالوانیزه: گرم، سایز مفتول گالوانیزه (mm): 2، تولید کننده: راه ساخت",کیلوگرم,طاقه ( کیلوگرم),1,10,1,50,422728,163.28
rahsakht-112021020000000000,3,مفتول گالوانیزه,"نوع مفتول گالوانیزه: گرم، سایز مفتول گالوانیزه (mm): 2.1، تولید کننده: راه ساخت",کیلوگرم,طاقه ( کیلوگرم),1,10,1,50,422728,1005.6
rahsakht-112022020000000000,3,مفتول گالوانیزه,"نوع مفتول گالوانیزه: گرم، سایز مفتول گالوانیزه (mm): 2.2، تولید کننده: راه ساخت",کیلوگرم,طاقه ( کیلوگرم),1,10,1,50,422728,1286.4
rahsakht-112024020000000000,3,مفتول گالوانیزه,"نوع مفتول گالوانیزه: گرم، سایز مفتول گالوانیزه (mm): 2.4، تولید کننده: راه ساخت",کیلوگرم,طاقه ( کیلوگرم),1,10,1,50,422728,1699.64
rahsakht-112027020000000000,3,مفتول گالوانیزه,"نوع مفتول گالوانیزه: گرم، سایز مفتول گالوانیزه (mm): 2.7، تولید کننده: راه ساخت",کیلوگرم,طاقه ( کیلوگرم),1,10,1,50,422728,538.8
rahsakht-112028020000000000,3,مفتول گالوانیزه,"نوع مفتول گالوانیزه: گرم، سایز مفتول گالوانیزه (mm): 2.8، تولید کننده: راه ساخت",کیلوگرم,طاقه ( کیلوگرم),1,10,1,50,422728,360
rahsakht-112029020000000000,3,مفتول گالوانیزه,"نوع مفتول گالوانیزه: گرم، سایز مفتول گالوانیزه (mm): 2.9، تولید کننده: راه ساخت",کیلوگرم,طاقه ( کیلوگرم),1,10,1,50,422728,1108.68
rahsakht-112030020000000000,3,مفتول گالوانیزه,"نوع مفتول گالوانیزه: گرم، سایز مفتول گالوانیزه (mm): 3، تولید کننده: راه ساخت",کیلوگرم,طاقه ( کیلوگرم),1,10,1,50,422728,320
rahsakht-112040020000000000,3,مفتول گالوانیزه,"نوع مفتول گالوانیزه: گرم، سایز مفتول گالوانیزه (mm): 4، تولید کننده: راه ساخت",کیلوگرم,طاقه ( کیلوگرم),1,10,1,50,422728,560.72
rahsakht-131220301200000,5,مشبک,"نوع مشبک: فوق سبک، سایز چشمه: 2*2، سایز مفتول (mm): 3، وزن هر مترمربع (kg): 4.2-4.4",کیلوگرم,برگ,1,50,1,9,377273,950.52
rahsakht-131440301200000,5,مشبک,"نوع مشبک: فوق سبک، سایز چشمه: 4*4، سایز مفتول (mm): 3، وزن هر مترمربع (kg): 2.5-2.7",کیلوگرم,برگ,1,90,1,5.5,381819,938.8
rahsakht-132220321200000,5,مشبک,"نوع مشبک: سبک، سایز چشمه: 2*2، سایز مفتول (mm): 3.2، وزن هر مترمربع (kg): 5-5.2",کیلوگرم,برگ,1,100,1,10,368182,368.12
rahsakht-132330421200000,5,مشبک,"نوع مشبک: سبک، سایز چشمه: 3*3، سایز مفتول (mm): 4.2، وزن هر مترمربع (kg): 5.6-6",کیلوگرم,برگ,1,80,1,12.5,368182,1158.92
rahsakht-132440321200000,5,مشبک,"نوع مشبک: سبک، سایز چشمه: 4*4، سایز مفتول (mm): 3.2، وزن هر مترمربع (kg): 3.6-3.8",کیلوگرم,برگ,1,140,1,7,368182,669.76
rahsakht-133220371200000,5,مشبک,"نوع مشبک: سنگین، سایز چشمه: 2*2، سایز مفتول (mm): 3.7، وزن هر مترمربع (kg): 6.2-6.4",کیلوگرم,برگ,1,80,1,12,359091,84.28
rahsakht-133330471200000,5,مشبک,"نوع مشبک: سنگین، سایز چشمه: 3*3، سایز مفتول (mm): 4.7، وزن هر مترمربع (kg): 8.3-8.4",کیلوگرم,برگ,1,60,1,16,359091,565.4
rahsakht-133440371200000,5,مشبک,"نوع مشبک: سنگین، سایز چشمه: 4*4، سایز مفتول (mm): 3.7، وزن هر مترمربع (kg): 4-4.2",کیلوگرم,برگ,1,120,1,8,359091,598.72
rahsakht-133550471200000,5,مشبک,"نوع مشبک: سنگین، سایز چشمه: 5*5، سایز مفتول (mm): 4.7، وزن هر مترمربع (kg): 5.2-5.4",کیلوگرم,برگ,1,90,1,10,359091,973.84
rahsakht-14010060001020001,5,مشبک,"نوع مشبک: فولادی، سایز چشمه: 06، سایز مفتول (mm): -، وزن هر مترمربع (kg): 12.8 - 13",کیلوگرم,برگ,1,20,1,25,481819,285.64
rahsakht-14010080001020001,5,مشبک,"نوع مشبک: فولادی، سایز چشمه: 08، سایز مفتول (mm): -، وزن هر مترمربع (kg): 12.8 - 13",کیلوگرم,برگ,1,20,1,25,477273,301.16
rahsakht-14010100001020001,5,مشبک,"نوع مشبک: فولادی، سایز چشمه: 010، سایز مفتول (mm): -، وزن هر مترمربع (kg): 11.5 - 12",کیلوگرم,برگ,1,20,1,25,463637,447.32
rahsakht-14010120001020001,5,مشبک,"نوع مشبک: فولادی، سایز چشمه: 012، سایز مفتول (mm): -، وزن هر مترمربع (kg): 11.5 - 12",کیلوگرم,برگ,1,20,1,25,463637,117.04
rahsakht-14010150001020001,5,مشبک,"نوع مشبک: فولادی، سایز چشمه: 015، سایز مفتول (mm): -، وزن هر مترمربع (kg): 11.5 - 12",کیلوگرم,برگ,1,20,1,25,463637,209.96
rahsakht-14010200001020001,5,مشبک,"نوع مشبک: فولادی، سایز چشمه: 020، سایز مفتول (mm): -، وزن هر مترمربع (kg): 11 - 11.5",کیلوگرم,برگ,1,20,1,25,463637,0
rahsakht-14010250001020001,5,مشبک,"نوع مشبک: فولادی، سایز چشمه: 025، سایز مفتول (mm): -، وزن هر مترمربع (kg): 11 - 11.5",کیلوگرم,برگ,1,20,1,25,463637,349.2
rahsakht-14010300001020001,5,مشبک,"نوع مشبک: فولادی، سایز چشمه: 030، سایز مفتول (mm): -، وزن هر مترمربع (kg): 11 - 11.5",کیلوگرم,برگ,1,20,1,25,463637,184.4
rahsakht-150200060600000,6,مش جوشی,"نوع مش جوشی: ساده، سایز چشمه: 5 * 5، سایز مفتول (mm): 2، وزن هر مترمربع (kg): 1.2",کیلوگرم,برگ,1,300,1,2.5,418182,0
rahsakht-150300060600000,6,مش جوشی,"نوع مش جوشی: ساده، سایز چشمه: 6 * 6، سایز مفتول (mm): 3، وزن هر مترمربع (kg): 2",کیلوگرم,برگ,1,200,1,4,395455,18.96
rahsakht-150300101000000,6,مش جوشی,"نوع مش جوشی: ساده، سایز چشمه: 10*10، سایز مفتول (mm): 3، وزن هر مترمربع (kg): 1.2",کیلوگرم,برگ,1,200,1,2.5,395455,1193.76
rahsakht-150300151500000,6,مش جوشی,"نوع مش جوشی: ساده، سایز چشمه: 15*15، سایز مفتول (mm): 3، وزن هر مترمربع (kg): 0.9",کیلوگرم,برگ,1,300,1,1.8,400001,273.64
rahsakht-150400060600000,6,مش جوشی,"نوع مش جوشی: ساده، سایز چشمه: 6*6، سایز مفتول (mm): 4، وزن هر مترمربع (kg): 3.3",کیلوگرم,برگ,1,100,1,6.5,381819,98.24
rahsakht-150400101000000,6,مش جوشی,"نوع مش جوشی: ساده، سایز چشمه: 10*10، سایز مفتول (mm): 4، وزن هر مترمربع (kg): 2",کیلوگرم,برگ,1,200,1,4,381819,0
rahsakht-150600101000000,6,مش جوشی,"نوع مش جوشی: ساده، سایز چشمه: 10 * 10، سایز مفتول (mm): 6، وزن هر مترمربع (kg): 4.5",کیلوگرم,برگ,1,50,1,54,340910,0
rahsakht-150600151500000,6,مش جوشی,"نوع مش جوشی: ساده، سایز چشمه: 15 * 15، سایز مفتول (mm): 6، وزن هر مترمربع (kg): 3",کیلوگرم,برگ,1,50,1,36,340910,2739.6
rahsakht-150600202000000,6,مش جوشی,"نوع مش جوشی: ساده، سایز چشمه: 20*20، سایز مفتول (mm): 6، وزن هر مترمربع (kg): 2.3",کیلوگرم,برگ,1,50,1,28,345455,2031.2
rahsakht-150650101000001,6,مش جوشی,"نوع مش جوشی: ساده، سایز چشمه: 10 * 10، سایز مفتول (mm): 6.5، وزن هر مترمربع (kg): 5.5",کیلوگرم,برگ,1,50,1,66,340910,0
rahsakht-150650151500001,6,مش جوشی,"نوع مش جوشی: ساده، سایز چشمه: 15*15، سایز مفتول (mm): 6.5، وزن هر مترمربع (kg): 3.7",کیلوگرم,برگ,1,50,1,45,340910,0
rahsakht-150801101000001,6,مش جوشی,"نوع مش جوشی: آجدار، سایز چشمه: 10 * 10، سایز مفتول (mm): 8، وزن هر مترمربع (kg): 8",کیلوگرم,برگ,1,50,1,100,340910,1864
rahsakht-150801151500001,6,مش جوشی,"نوع مش جوشی: آجدار، سایز چشمه: 15*15، سایز مفتول (mm): 8، وزن هر مترمربع (kg): 5.2",کیلوگرم,برگ,1,50,1,65,340910,4058
rahsakht-1612004801500000010000,8,توری فرنگی,"عرض رول (cm): 120، سایز چشمه (Inch): 1.5، وزن رول (kg): 4.8، سایز مفتول (mm): 0.7، طول رول (m): 20",رول,رول,1,50,1,1,3045455,15.2
rahsakht-1612005501500000000000,8,توری فرنگی,"عرض رول (cm): 120، سایز چشمه (Inch): 1.5، وزن رول (kg): 5.5، سایز مفتول (mm): 0.7، طول رول (m): 20",رول,رول,1,50,1,1,3454546,14.4
rahsakht-1615006001500000010000,8,توری فرنگی,"عرض رول (cm): 150، سایز چشمه (Inch): 1.5، وزن رول (kg): 6، سایز مفتول (mm): 0.7، طول رول (m): 20",رول,رول,1,50,1,1,3590910,15.6
rahsakht-1618008201500000000000,8,توری فرنگی,"عرض رول (cm): 180، سایز چشمه (Inch): 1.5، وزن رول (kg): 8.2، سایز مفتول (mm): 0.7، طول رول (m): 20",رول,رول,1,50,1,1,4818182,7.2
rahsakht-1706003400750000000000,10,توری مرغی,"عرض رول (سانتی متر): 60، سایز چشمه (Inch): 3.4، وزن رول (kg): 3.4، طول رول (m): 45",رول,رول,1,50,1,1,2227273,8
rahsakht-1709004600750000000000,10,توری مرغی,"عرض رول (سانتی متر): 90، سایز چشمه (Inch): 3.4، وزن رول (kg): 4.6، طول رول (m): 45",رول,رول,1,50,1,1,3000001,0
rahsakht-1712005000750000000000,10,توری مرغی,"عرض رول (سانتی متر): 120، سایز چشمه (Inch): 3.4، وزن رول (kg): 5، طول رول (m): 45",رول,رول,1,50,1,1,3500001,0.4
rahsakht-1712006100750000000000,10,توری مرغی,"عرض رول (سانتی متر): 120، سایز چشمه (Inch): 3.4، وزن رول (kg): 6.1، طول رول (m): 45",رول,رول,1,50,1,1,4045455,56
rahsakht-1715007500750000000000,10,توری مرغی,"عرض رول (سانتی متر): 150، سایز چشمه (Inch): 3.4، وزن رول (kg): 7.5، طول رول (m): 45",رول,رول,1,50,1,1,4863637,18
rahsakht-1718008600750000000000,10,توری مرغی,"عرض رول (سانتی متر): 180، سایز چشمه (Inch): 3.4، وزن رول (kg): 8.6، طول رول (m): 45",رول,رول,1,50,1,1,5681819,0
rahsakht-1718009200750000000000,10,توری مرغی,"عرض رول (سانتی متر): 180، سایز چشمه (Inch): 3.4، وزن رول (kg): 9.2، طول رول (m): 45",رول,رول,1,50,1,1,6045455,0.4
rahsakht-1718011000750000000000,10,توری مرغی,"عرض رول (سانتی متر): 180، سایز چشمه (Inch): 3.4، وزن رول (kg): 11، طول رول (m): 45",رول,رول,1,50,1,1,7000001,16.8
rahsakht-1718012000750000000000,10,توری مرغی,"عرض رول (سانتی متر): 180، سایز چشمه (Inch): 3.4، وزن رول (kg): 12، طول رول (m): 45",رول,رول,1,50,1,1,7545455,25.6
rahsakht-1850191500000,12,توری حصاری,"عرض رول (m): 1.5، سایز چشمه (cm): 5، سایز مفتول (mm): 1.9، طول رول (m): 15، وزن مترمربع (g): 840",مترمربع,رول,1,30,1,22.5,418182,990
rahsakht-1850192000000,12,توری حصاری,"عرض رول (m): 2، سایز چشمه (cm): 5، سایز مفتول (mm): 1.9، طول رول (m): 15، وزن مترمربع (g): 840",مترمربع,رول,1,50,1,30,418182,2124
rahsakht-1850201500000,12,توری حصاری,"عرض رول (m): 1.5، سایز چشمه (cm): 5، سایز مفتول (mm): 2، طول رول (m): 15، وزن مترمربع (g): 960",مترمربع,رول,1,20,1,22.5,445455,0
rahsakht-1850202000000,12,توری حصاری,"عرض رول (m): 2، سایز چشمه (cm): 5، سایز مفتول (mm): 2، طول رول (m): 15، وزن مترمربع (g): 960",مترمربع,رول,1,20,1,30,445455,0
rahsakht-1850241500000,12,توری حصاری,"عرض رول (m): 1.5، سایز چشمه (cm): 5، سایز مفتول (mm): 2.4، طول رول (m): 15، وزن مترمربع (g): 1450",مترمربع,رول,1,30,1,22.5,659091,0
rahsakht-1850242000000,12,توری حصاری,"عرض رول (m): 2، سایز چشمه (cm): 5، سایز مفتول (mm): 2.4، طول رول (m): 15، وزن مترمربع (g): 1450",مترمربع,رول,1,50,1,30,659091,468
rahsakht-1850281500000,12,توری حصاری,"عرض رول (m): 1.5، سایز چشمه (cm): 5، سایز مفتول (mm): 2.8، طول رول (m): 15، وزن مترمربع (g): 1920",مترمربع,رول,1,20,1,22.5,859091,9
rahsakht-1850282000000,12,توری حصاری,"عرض رول (m): 2، سایز چشمه (cm): 5، سایز مفتول (mm): 2.8، طول رول (m): 15، وزن مترمربع (g): 1920",مترمربع,رول,1,20,1,30,859091,12
rahsakht-1850301500000,12,توری حصاری,"عرض رول (m): 1.5، سایز چشمه (cm): 5، سایز مفتول (mm): 3، طول رول (m): 15، وزن مترمربع (g): 2250",مترمربع,رول,1,20,1,22.5,1009091,45
rahsakht-185030201500000,12,توری حصاری,"عرض رول (m): 2، سایز چشمه (cm): 5، سایز مفتول (mm): 3، طول رول (m): 15، وزن مترمربع (g): 2250",مترمربع,رول,1,20,1,30,1009091,0
rahsakht-1865191500000,12,توری حصاری,"عرض رول (m): 1.5، سایز چشمه (cm): 6.5، سایز مفتول (mm): 1.9، طول رول (m): 15، وزن مترمربع (g): 690",مترمربع,رول,1,30,1,22.5,331819,0
rahsakht-1865192000000,12,توری حصاری,"عرض رول (m): 2، سایز چشمه (cm): 6.5، سایز مفتول (mm): 1.9، طول رول (m): 15، وزن مترمربع (g): 690",مترمربع,رول,1,50,1,30,331819,744
rahsakht-1865201500000,12,توری حصاری,"عرض رول (m): 1.5، سایز چشمه (cm): 6.5، سایز مفتول (mm): 2، طول رول (m): 15، وزن مترمربع (g): 750",مترمربع,رول,1,20,1,22.5,359091,0
rahsakht-1865202000000,12,توری حصاری,"عرض رول (m): 2، سایز چشمه (cm): 6.5، سایز مفتول (mm): 2، طول رول (m): 15، وزن مترمربع (g): 750",مترمربع,رول,1,20,1,30,359091,0
rahsakht-1865221500000,12,توری حصاری,"عرض رول (m): 1.5، سایز چشمه (cm): 6.5، سایز مفتول (mm): 2.2، طول رول (m): 15، وزن مترمربع (g): 920",مترمربع,رول,1,20,1,22.5,431819,0
rahsakht-1865222000000,12,توری حصاری,"عرض رول (m): 2، سایز چشمه (cm): 6.5، سایز مفتول (mm): 2.2، طول رول (m): 15، وزن مترمربع (g): 920",مترمربع,رول,1,20,1,30,431819,0
rahsakht-1865241500000,12,توری حصاری,"عرض رول (m): 1.5، سایز چشمه (cm): 6.5، سایز مفتول (mm): 2.4، طول رول (m): 15، وزن مترمربع (g): 1100",مترمربع,رول,1,30,1,22.5,504546,783
rahsakht-1865242000000,12,توری حصاری,"عرض رول (m): 2، سایز چشمه (cm): 6.5، سایز مفتول (mm): 2.4، طول رول (m): 15، وزن مترمربع (g): 1100",مترمربع,رول,1,50,1,30,504546,1956
rahsakht-1865282000000,12,توری حصاری,"عرض رول (m): 2، سایز چشمه (cm): 6.5، سایز مفتول (mm): 2.8، طول رول (m): 15، وزن مترمربع (g): 1520",مترمربع,رول,1,20,1,30,695455,0
rahsakht-1865302000000,12,توری حصاری,"عرض رول (m): 2، سایز چشمه (cm): 6.5، سایز مفتول (mm): 3، طول رول (m): 15، وزن مترمربع (g): 1730",مترمربع,رول,1,20,1,30,786364,0
rahsakht-1880191500000,12,توری حصاری,"عرض رول (m): 1.5، سایز چشمه (cm): 8، سایز مفتول (mm): 1.9، طول رول (m): 15، وزن مترمربع (g): 580",مترمربع,رول,1,30,1,22.5,281819,0
rahsakht-1880192000000,12,توری حصاری,"عرض رول (m): 2، سایز چشمه (cm): 8، سایز مفتول (mm): 1.9، طول رول (m): 15، وزن مترمربع (g): 580",مترمربع,رول,1,50,1,30,281819,3396
rahsakht-1880201500000,12,توری حصاری,"عرض رول (m): 1.5، سایز چشمه (cm): 8، سایز مفتول (mm): 2، طول رول (m): 15، وزن مترمربع (g): 630",مترمربع,رول,1,20,1,22.5,309091,18
rahsakht-1880202000000,12,توری حصاری,"عرض رول (m): 2، سایز چشمه (cm): 8، سایز مفتول (mm): 2، طول رول (m): 15، وزن مترمربع (g): 630",مترمربع,رول,1,20,1,30,309091,0
rahsakht-1880211500000,12,توری حصاری,"عرض رول (m): 1.5، سایز چشمه (cm): 8، سایز مفتول (mm): 2.1، طول رول (m): 15، وزن مترمربع (g): 680",مترمربع,رول,1,20,1,22.5,331819,0
rahsakht-1880212000000,12,توری حصاری,"عرض رول (m): 2، سایز چشمه (cm): 8، سایز مفتول (mm): 2.1، طول رول (m): 15، وزن مترمربع (g): 680",مترمربع,رول,1,20,1,30,331819,0
rahsakht-1880221500000,12,توری حصاری,"عرض رول (m): 1.5، سایز چشمه (cm): 8، سایز مفتول (mm): 2.2، طول رول (m): 15، وزن مترمربع (g): 770",مترمربع,رول,1,20,1,22.5,363637,0
rahsakht-1880222000000,12,توری حصاری,"عرض رول (m): 2، سایز چشمه (cm): 8، سایز مفتول (mm): 2.2، طول رول (m): 15، وزن مترمربع (g): 770",مترمربع,رول,1,20,1,30,363637,0
rahsakht-1880241500000,12,توری حصاری,"عرض رول (m): 1.5، سایز چشمه (cm): 8، سایز مفتول (mm): 2.4، طول رول (m): 15، وزن مترمربع (g): 950",مترمربع,رول,1,30,1,22.5,440910,450
rahsakht-1880242000000,12,توری حصاری,"عرض رول (m): 2، سایز چشمه (cm): 8، سایز مفتول (mm): 2.4، طول رول (m): 15، وزن مترمربع (g): 950",مترمربع,رول,1,50,1,30,440910,1536
rahsakht-1880282000000,12,توری حصاری,"عرض رول (m): 2، سایز چشمه (cm): 8، سایز مفتول (mm): 2.8، طول رول (m): 15، وزن مترمربع (g): 1250",مترمربع,رول,1,20,1,30,572728,0
rahsakht-1880292000000,12,توری حصاری,"عرض رول (m): 2، سایز چشمه (cm): 8، سایز مفتول (mm): 2.9، طول رول (m): 15، وزن مترمربع (g): 1330",مترمربع,رول,1,20,1,30,604546,0
rahsakht-191242000001,14,سیم خاردار,نام کالا: سیم خاردار خطی,کیلوگرم,طاقه,1,50,1,25,440910,1403.16
rahsakht-192246000001,14,سیم خاردار,نام کالا: سیم خاردارحلقوی قطر60 سوزنی,حلقه,حلقه,1,50,1,1,8090910,29.6
rahsakht-192249000001,14,سیم خاردار,نام کالا: سیم خاردار حلقوی قطر 90  سوزنی,حلقه,حلقه,1,50,1,1,12227273,16
rahsakht-193246000001,14,سیم خاردار,نام کالا: سیم خاردار حلقوی قطر 60  ریزری,حلقه,حلقه,1,50,1,1,6954546,29.2
rahsakht-193249000001,14,سیم خاردار,نام کالا: سیم خاردار حلقوی قطر 90  ریزری,حلقه,حلقه,1,50,1,1,8590910,9.6
rahsakht-20081016100200000,9,توری فرنگی گابیون,"عرض رول (m): 1، سایز چشمه (cm): 8*10، وزن رول (kg): 9.8، سایز مفتول (mm): 1.6، طول رول (m): 20",مترمربع,رول,1,50,1,20,240910,24
rahsakht-20081016120200000,9,توری فرنگی گابیون,"عرض رول (m): 1.2، سایز چشمه (cm): 8*10، وزن رول (kg): 11.76، سایز مفتول (mm): 1.6، طول رول (m): 20",مترمربع,رول,1,50,1,24,240910,230.4
rahsakht-20081016150200000,9,توری فرنگی گابیون,"عرض رول (m): 1.5، سایز چشمه (cm): 8*10، وزن رول (kg): 14.7، سایز مفتول (mm): 1.6، طول رول (m): 20",مترمربع,رول,1,50,1,30,240910,84
rahsakht-20081016200200000,9,توری فرنگی گابیون,"عرض رول (m): 2، سایز چشمه (cm): 8*10، وزن رول (kg): 19.6، سایز مفتول (mm): 1.6، طول رول (m): 20",مترمربع,رول,1,50,1,40,240910,0
rahsakht-20081020100200000,9,توری فرنگی گابیون,"عرض رول (m): 1، سایز چشمه (cm): 8*10، وزن رول (kg): 14.8، سایز مفتول (mm): 2، طول رول (m): 20",مترمربع,رول,1,50,1,20,327273,432
rahsakht-20081020120200000,9,توری فرنگی گابیون,"عرض رول (m): 1.2، سایز چشمه (cm): 8*10، وزن رول (kg): 17.76، سایز مفتول (mm): 2، طول رول (m): 20",مترمربع,رول,1,50,1,24,327273,86.4
rahsakht-20081020150200000,9,توری فرنگی گابیون,"عرض رول (m): 1.5، سایز چشمه (cm): 8*10، وزن رول (kg): 22.2، سایز مفتول (mm): 2، طول رول (m): 20",مترمربع,رول,1,50,1,30,327273,1428
rahsakht-20081020200200000,9,توری فرنگی گابیون,"عرض رول (m): 2، سایز چشمه (cm): 8*10، وزن رول (kg): 29.6، سایز مفتول (mm): 2، طول رول (m): 20",مترمربع,رول,1,50,1,40,327273,912
rahsakht-2108103010100001,13,توری گابیون سیل بند,"عرض رول (cm): 100، سایز مفتول (mm): 3، سایز چشمه (Inch): 8*10، وزن رول (kg): 75، وزن مترمربع (kg): 1.9",کیلوگرم,رول,1,10,1,75,445455,170
rahsakht-2108103020100001,13,توری گابیون سیل بند,"عرض رول (cm): 200، سایز مفتول (mm): 3، سایز چشمه (Inch): 8*10، وزن رول (kg): 150، وزن مترمربع (kg): 1.9",کیلوگرم,رول,1,10,1,150,445455,533.6
rahsakht-2108103030100001,13,توری گابیون سیل بند,"عرض رول (cm): 300، سایز مفتول (mm): 3، سایز چشمه (Inch): 8*10، وزن رول (kg): 210، وزن مترمربع (kg): 1.9",کیلوگرم,رول,1,10,1,210,445455,995.2
rahsakht-29102018001,7,میخ,"سایز میخ (cm): 2، شماره میخ: 18*1",کیلوگرم,بسته,1,80,1,3.125,559091,137.5
rahsakht-29103016001,7,میخ,"سایز میخ (cm): 3، شماره میخ: 16*1.25",کیلوگرم,بسته,1,80,1,3.125,440910,168.75
rahsakht-29104014001,7,میخ,"سایز میخ (cm): 4، شماره میخ: 14*1.5",کیلوگرم,بسته,1,160,1,3.125,413637,155
rahsakht-29105010001,7,میخ,"سایز میخ (cm): 5 (ضخیم)، شماره میخ: 10*2",کیلوگرم,بسته,1,160,1,3.125,409091,47.5
rahsakht-29105014001,7,میخ,"سایز میخ (cm): 5، شماره میخ: 14*2",کیلوگرم,بسته,1,160,1,3.125,413637,190
rahsakht-29206001001,7,میخ,"سایز میخ (cm): 6، شماره میخ: 12*2.5",کیلوگرم,بسته,1,160,1,3.125,409091,1258.75
rahsakht-29208001001,7,میخ,"سایز میخ (cm): 8، شماره میخ: 10*3",کیلوگرم,بسته,1,160,1,3.125,409091,213.75
rahsakht-29210001001,7,میخ,"سایز میخ (cm): 10، شماره میخ: 8*4",کیلوگرم,بسته,1,160,1,3.125,409091,133.75
rahsakht-29212001001,7,میخ,"سایز میخ (cm): 12، شماره میخ: 7*5",کیلوگرم,بسته,1,160,1,3.125,409091,66.25
rahsakht-29215001001,7,میخ,"سایز میخ (cm): 15، شماره میخ: 6*6",کیلوگرم,بسته,1,160,1,3.125,409091,150
rahsakht-29220001001,7,میخ,"سایز میخ (cm): 20، شماره میخ: 4*8",کیلوگرم,بسته,1,80,1,3.125,436364,238.75
rahsakht-30105530001,16,میلگرد بستر,"نام کالا: میلگرد بستر، عرض شاخه (m): 5.5",شاخه,10 شاخه,1,50,1,10,309091,1344.4
rahsakht-30111030001,16,میلگرد بستر,"نام کالا: میلگرد بستر، عرض شاخه (m): 11",شاخه,10 شاخه,1,50,1,10,313637,1884
rahsakht-30115030001,16,میلگرد بستر,"نام کالا: میلگرد بستر، عرض شاخه (m): 15",شاخه,10 شاخه,1,50,1,10,322728,1406.8
rahsakht-30300000001,16,میلگرد بستر,"نام کالا: گیره، عرض شاخه (m): _",عدد,10 عدد,1,50,1,10,50001,1370.8
rahsakht-30400000001,16,میلگرد بستر,"نام کالا: قلاب، عرض شاخه (m): _",عدد,10 عدد,1,50,1,10,40910,169.2
rahsakht-30510020015001001,23,وال پست,"ابعاد: 20*10، وزن هر عدد (kg): 0.76، طول لبه (cm): 7، ضخامت والپست (mm): 2",عدد,1 عدد,1,200,1,1,363637,202.8
rahsakht-30510030015001001,23,وال پست,"ابعاد: 30*10، وزن هر عدد (kg): 1.14، طول لبه (cm): 7، ضخامت والپست (mm): 2",عدد,1 عدد,1,500,1,1,500001,122.8
rahsakht-30510040015001001,23,وال پست,"ابعاد: 40*10، وزن هر عدد (kg): 1.53، طول لبه (cm): 7، ضخامت والپست (mm): 2",عدد,1 عدد,1,200,1,1,636364,409.6
rahsakht-30515020015002001,23,وال پست,"ابعاد: 20*15، وزن هر عدد (kg): 0.92، طول لبه (cm): 7، ضخامت والپست (mm): 2",عدد,1 عدد,1,200,1,1,418182,271.6
rahsakht-30515030015001001,23,وال پست,"ابعاد: 30*15، وزن هر عدد (kg): 1.38، طول لبه (cm): 7، ضخامت والپست (mm): 2",عدد,1 عدد,1,500,1,1,581819,552.8
rahsakht-30515040015001001,23,وال پست,"ابعاد: 40*15، وزن هر عدد (kg): 1.84، طول لبه (cm): 7، ضخامت والپست (mm): 2",عدد,1 عدد,1,500,1,1,754546,374
rahsakht-30520040015001001,23,وال پست,"ابعاد: 40*20، وزن هر عدد (kg): 2.15، طول لبه (cm): 7، ضخامت والپست (mm): 2",عدد,1 عدد,1,200,1,1,872728,42
rahsakht-30608075002001,24,رول بلت,"قطر (mm): 8، طول (mm): 75، تولید کننده: خارجی",عدد,بسته 100 تایی,1,10,1,100,63637,4160
rahsakht-30608080001001,24,رول بلت,"قطر (mm): 8، طول (mm): 80، تولید کننده: ایرانی",عدد,بسته 50 تایی,1,20,1,50,50001,428.4
rahsakht-30610090002001,24,رول بلت,"قطر (mm): 10، طول (mm): 90، تولید کننده: خارجی",عدد,بسته 60 تایی,1,10,1,60,90910,582
rahsakht-30610100001001,24,رول بلت,"قطر (mm): 10، طول (mm): 100، تولید کننده: ایرانی",عدد,بسته 50 تایی,1,15,1,50,63637,762
rahsakht-3109040031001,1,رابیتس,"تعداد پل: 9، وزن (g): 400",برگ,بسته 10 برگی,1,100,1,10,263637,2076
rahsakht-3109065031001,1,رابیتس,"تعداد پل: 9، وزن (g): 650",برگ,بسته 10 برگی,1,100,1,10,340910,308
rahsakht-3109070031001,1,رابیتس,"تعداد پل: 9، وزن (g): 700",برگ,بسته 10 برگی,1,50,1,10,359091,48
rahsakht-3109080031001,1,رابیتس,"تعداد پل: 9، وزن (g): 800",برگ,بسته 10 برگی,1,50,1,10,404546,108
rahsakht-3109086031001,1,رابیتس,"تعداد پل: 9، وزن (g): 860",برگ,بسته 10 برگی,1,100,1,10,431819,952
rahsakht-3109090031001,1,رابیتس,"تعداد پل: 9، وزن (g): 900",برگ,بسته 10 برگی,1,50,1,10,450001,1010
rahsakht-3113050031001,1,رابیتس,"تعداد پل: 13، وزن (g): 500",برگ,بسته 10 برگی,1,50,1,10,331819,1192
rahsakht-3113060031001,1,رابیتس,"تعداد پل: 13، وزن (g): 600",برگ,بسته 10 برگی,1,50,1,10,331819,0
rahsakht-3113070031001,1,رابیتس,"تعداد پل: 13، وزن (g): 700",برگ,بسته 10 برگی,1,50,1,10,377273,608
rahsakht-3113080031001,1,رابیتس,"تعداد پل: 13، وزن (g): 800",برگ,بسته 10 برگی,1,100,1,10,413637,760
rahsakht-3113086031001,1,رابیتس,"تعداد پل: 13، وزن (g): 860",برگ,بسته 10 برگی,1,100,1,10,431819,1808
rahsakht-3113090031001,1,رابیتس,"تعداد پل: 13، وزن (g): 900",برگ,بسته 10 برگی,1,50,1,10,454546,380
rahsakht-3113100031001,1,رابیتس,"تعداد پل: 13، وزن (g): 1000",برگ,بسته 10 برگی,1,50,1,10,509091,632
rahsakht-32031001,18,نبشی,"نام کالا: نبشی 3، وزن (kg): 6.5، سایز نبشی (mm): 3، برند: شکفته",کیلوگرم,شاخه,1,600,1,6.5,300001,787.52
rahsakht-32041001,18,نبشی,"نام کالا: نبشی 4، وزن (kg): 10.5، سایز نبشی (mm): 4، برند: شکفته",کیلوگرم,شاخه,1,400,1,10.5,290910,848.36
rahsakht-33051412015001,11,پشم شیشه,نام پشم شیشه: پـشـم شــیـشــه 5 سانت d14 آریانا,رول,رول,1,100,1,1,9454546,188.8
rahsakht-3515415000,15,پایه لوله,"نام کالا: پایه فلزی، قـطـر (cm): 4، ضخامت (mm): 1.5، ارتـفـاع (m): 1.5، وزن (kg): 2.4",شاخه,شاخه,1,50,1,1,1109091,14
rahsakht-3520415000,15,پایه لوله,"نام کالا: پایه فلزی، قـطـر (cm): 4، ضخامت (mm): 1.5، ارتـفـاع (m): 2، وزن (kg): 3",شاخه,شاخه,1,100,1,1,1436364,74.4
rahsakht-3520520001,15,پایه لوله,"نام کالا: پایه فلزی، قـطـر (cm): 5، ضخامت (mm): 2، ارتـفـاع (m): 2، وزن (kg): 5",شاخه,شاخه,1,20,1,1,1954546,0
rahsakht-3524415000,15,پایه لوله,"نام کالا: پایه فلزی، قـطـر (cm): 4، ضخامت (mm): 1.5، ارتـفـاع (m): 2.4، وزن (kg): 3.6",شاخه,شاخه,1,100,1,1,1718182,90.8
rahsakht-3524420000,15,پایه لوله,"نام کالا: پایه فلزی، قـطـر (cm): 4، ضخامت (mm): 2، ارتـفـاع (m): 2.4، وزن (kg): 5",شاخه,شاخه,1,20,1,1,1972728,0
rahsakht-3524515001,15,پایه لوله,"نام کالا: پایه فلزی، قـطـر (cm): 5، ضخامت (mm): 1.5، ارتـفـاع (m): 2.4، وزن (kg): 4.5",شاخه,شاخه,1,20,1,1,1972728,4
rahsakht-3524520000,15,پایه لوله,"نام کالا: پایه فلزی، قـطـر (cm): 5، ضخامت (mm): 2، ارتـفـاع (m): 2.4، وزن (kg): 5.8",شاخه,شاخه,1,20,1,1,2300001,0
rahsakht-3530415000,15,پایه لوله,"نام کالا: پایه فلزی، قـطـر (cm): 4، ضخامت (mm): 1.5، ارتـفـاع (m): 3(سرکج)، وزن (kg): 4.5",شاخه,شاخه,1,20,1,1,2127273,0
rahsakht-37010205000001,21,پلاستیک شناژ,"عرض رول (cm): 50، نوع پلاستیک شناز: مشکی",کیلوگرم,طاقه,1,20,1,26,236364,597.024
rahsakht-37010206000001,21,پلاستیک شناژ,"عرض رول (cm): 60، نوع پلاستیک شناز: مشکی",کیلوگرم,طاقه,1,20,1,26,236364,239.88
rahsakht-37010207000001,21,پلاستیک شناژ,"عرض رول (cm): 70، نوع پلاستیک شناز: مشکی",کیلوگرم,طاقه,1,20,1,26,236364,548.4
rahsakht-37010208000001,21,پلاستیک شناژ,"عرض رول (cm): 80، نوع پلاستیک شناز: مشکی",کیلوگرم,طاقه,1,20,1,26,236364,17.56
rahsakht-37010209000001,21,پلاستیک شناژ,"عرض رول (cm): 90، نوع پلاستیک شناز: مشکی",کیلوگرم,طاقه,1,20,1,26,236364,2.2
rahsakht-37010210000001,21,پلاستیک شناژ,"عرض رول (cm): 100، نوع پلاستیک شناز: مشکی",کیلوگرم,طاقه,1,20,1,26,236364,238.8
rahsakht-40030300200001,20,اسپیسسر,"نوع اسپیسر: مکس، سایز اسپیسر (cm): 3، تعداد در هر بسته: 1000",عدد,بسته 1000 عددی,1,10,1,1000,9546,3380
rahsakht-40030500200001,20,اسپیسسر,"نوع اسپیسر: مکس، سایز اسپیسر (cm): 5، تعداد در هر بسته: 500",عدد,بسته 500 عددی,1,20,1,500,12728,26010
rahsakht-40040300100001,20,اسپیسسر,"نوع اسپیسر: مینی فیکس، سایز اسپیسر (cm): 3، تعداد در هر بسته: 2000",عدد,بسته 2000 عددی,1,20,1,2000,6364,6835.2
rahsakht-40040500100001,20,اسپیسسر,"نوع اسپیسر: مینی فیکس، سایز اسپیسر (cm): 5، تعداد در هر بسته: 1000",عدد,بسته 1000 عددی,1,20,1,1000,10001,16618.4
rahsakht-40060300300001,20,اسپیسسر,"نوع اسپیسر: هارد، سایز اسپیسر (cm): 3، تعداد در هر بسته: 600",عدد,بسته 600 عددی,1,10,1,600,14546,9719.6
rahsakht-40060500300001,20,اسپیسسر,"نوع اسپیسر: هارد، سایز اسپیسر (cm): 5، تعداد در هر بسته: 500",عدد,بسته 500 عددی,1,10,1,500,15001,8940.8
rahsakht-40060750300001,20,اسپیسسر,"نوع اسپیسر: هارد، سایز اسپیسر (cm): 7.5، تعداد در هر بسته: 300",عدد,بسته 300 عددی,1,10,1,300,18637,7800
rahsakht-40061000300001,20,اسپیسسر,"نوع اسپیسر: هارد، سایز اسپیسر (cm): 10، تعداد در هر بسته: 200",عدد,بسته 200 عددی,1,10,1,200,33637,8
rahsakht-40100500108001,20,اسپیسسر,"نوع اسپیسر: خورشیدی ( 8 پر)، سایز اسپیسر (cm): 5، تعداد در هر بسته: 300",عدد,بسته 300 عددی,1,5,1,300,19091,360
rahsakht-40100500110001,20,اسپیسسر,"نوع اسپیسر: خورشیدی ( 10 پر)، سایز اسپیسر (cm): 5، تعداد در هر بسته: 200",عدد,بسته 200 عددی,1,5,1,200,21364,2310.4
rahsakht-4102501002,17,سیم جوش,"سایز سیم جوش (mm): 2.5، برند: میکا",کیلوگرم,بسته 20 کیلوگرمی,1,5,1,20,1136364,0
rahsakht-4103001002,17,سیم جوش,"سایز سیم جوش (mm): 3، برند: میکا",کیلوگرم,بسته 20 کیلوگرمی,1,25,1,20,786364,1616
rahsakht-4104001002,17,سیم جوش,"سایز سیم جوش (mm): 4، برند: میکا",کیلوگرم,بسته 20 کیلوگرمی,1,50,1,20,777273,112
rahsakht-42030001001,22,افزودنی بتنی,"نوع روان کننده: روان کننده، نام روان کننده: pn - 12، برند: کپکو",گالن,گالن,1,10,1,1,10272728,2.8
rahsakht-42030002001,22,افزودنی بتنی,"نوع روان کننده: فوق روان کننده، نام روان کننده: spc - 218، برند: کپکو",گالن,گالن,1,10,1,1,11818182,0
rahsakht-42030003001,22,افزودنی بتنی,"نوع روان کننده: ابر روان کننده، نام روان کننده: spc - 100، برند: کپکو",گالن,گالن,1,10,1,1,18181819,6.4
rahsakht-75011020008006,25,ورق پانچ,"نوع ورق پانچ: آهن، ابعاد (m): 1*2، چشمه (mm): 06، ضخامت (mm): 0.8",برگ,برگ,1,50,1,1,7272728,20.8
rahsakht-75011020010006,25,ورق پانچ,"نوع ورق پانچ: آهن، ابعاد (m): 1*2، چشمه (mm): 06، ضخامت (mm): 1",برگ,برگ,1,50,1,1,8090910,34
rahsakht-7501102001008,25,ورق پانچ,"نوع ورق پانچ: آهن، ابعاد (m): 1*2، چشمه (mm): 08، ضخامت (mm): 1",برگ,برگ,1,20,1,1,8090910,15.2
rahsakht-7501102001010,25,ورق پانچ,"نوع ورق پانچ: آهن، ابعاد (m): 1*2، چشمه (mm): 010، ضخامت (mm): 1",برگ,برگ,1,20,1,1,8090910,4.8
rahsakht-75011020010606,25,ورق پانچ,"نوع ورق پانچ: طرحدار، ابعاد (m): 1*2، چشمه (mm): *، ضخامت (mm): 1",برگ,برگ,1,20,1,1,12545455,0.4
rahsakht-75011020010625,25,ورق پانچ,"نوع ورق پانچ: چاکدار، ابعاد (m): 1*2، چشمه (mm): *، ضخامت (mm): 1",برگ,برگ,1,20,1,1,18181819,0.4
rahsakht-750110200150006,25,ورق پانچ,"نوع ورق پانچ: آهن، ابعاد (m): 1*2، چشمه (mm): 06، ضخامت (mm): 1.5",برگ,برگ,1,50,1,1,11454546,17.2
rahsakht-75011020015010,25,ورق پانچ,"نوع ورق پانچ: آهن، ابعاد (m): 1*2، چشمه (mm): 010، ضخامت (mm): 1.5",برگ,برگ,1,20,1,1,11454546,2.8
rahsakht-7501102001508,25,ورق پانچ,"نوع ورق پانچ: آهن، ابعاد (m): 1*2، چشمه (mm): 08، ضخامت (mm): 1.5",برگ,برگ,1,20,1,1,11454546,17.2
rahsakht-75011020020006,25,ورق پانچ,"نوع ورق پانچ: آهن، ابعاد (m): 1*2، چشمه (mm): 06، ضخامت (mm): 2",برگ,برگ,1,50,1,1,13636364,14.4
rahsakht-75011020020008,25,ورق پانچ,"نوع ورق پانچ: آهن، ابعاد (m): 1*2، چشمه (mm): 08، ضخامت (mm): 2",برگ,برگ,1,20,1,1,13636364,16.8
rahsakht-75011020020010,25,ورق پانچ,"نوع ورق پانچ: آهن، ابعاد (m): 1*2، چشمه (mm): 010، ضخامت (mm): 2",برگ,برگ,1,20,1,1,13636364,4.8
rahsakht-7501122501006,25,ورق پانچ,"نوع ورق پانچ: آهن بلند، ابعاد (m): 1.25*2.5، چشمه (mm): 06، ضخامت (mm): 1",برگ,برگ,1,50,1,1,12272728,18.8
rahsakht-7501122501506,25,ورق پانچ,"نوع ورق پانچ: آهن بلند، ابعاد (m): 1.25*2.5، چشمه (mm): 06، ضخامت (mm): 1.5",برگ,برگ,1,50,1,1,19727273,19.6
rahsakht-7501122502006,25,ورق پانچ,"نوع ورق پانچ: آهن بلند، ابعاد (m): 1.25*2.5، چشمه (mm): 06، ضخامت (mm): 2",برگ,برگ,1,50,1,1,24818182,19.6
rahsakht-75021020010006,25,ورق پانچ,"نوع ورق پانچ: گالوانیزه، ابعاد (m): 1*2، چشمه (mm): 06، ضخامت (mm): 1",برگ,برگ,1,20,1,1,9818182,2
rahsakht-75021020010008,25,ورق پانچ,"نوع ورق پانچ: گالوانیزه، ابعاد (m): 1*2، چشمه (mm): 08، ضخامت (mm): 1",برگ,برگ,1,20,1,1,9818182,0.4
